{
	"BUILD_DIR" : "D:/Workspace/build-CpuMonitoringServer-Desktop_Qt_6_2_4_MinGW_64_bit-Release/CpuMonitoringServer_autogen",
	"CMAKE_BINARY_DIR" : "D:/Workspace/build-CpuMonitoringServer-Desktop_Qt_6_2_4_MinGW_64_bit-Release",
	"CMAKE_CURRENT_BINARY_DIR" : "D:/Workspace/build-CpuMonitoringServer-Desktop_Qt_6_2_4_MinGW_64_bit-Release",
	"CMAKE_CURRENT_SOURCE_DIR" : "D:/Workspace/CpuMonitoringServer",
	"CMAKE_SOURCE_DIR" : "D:/Workspace/CpuMonitoringServer",
	"INCLUDE_DIR" : "D:/Workspace/build-CpuMonitoringServer-Desktop_Qt_6_2_4_MinGW_64_bit-Release/CpuMonitoringServer_autogen/include",
	"INPUTS" : [ "D:/Workspace/CpuMonitoringServer/main.qml" ],
	"LOCK_FILE" : "D:/Workspace/build-CpuMonitoringServer-Desktop_Qt_6_2_4_MinGW_64_bit-Release/CMakeFiles/CpuMonitoringServer_autogen.dir/AutoRcc_qml_EWIEGA46WW_Lock.lock",
	"MULTI_CONFIG" : false,
	"OPTIONS" : [ "-name", "qml" ],
	"OUTPUT_CHECKSUM" : "EWIEGA46WW",
	"OUTPUT_NAME" : "qrc_qml.cpp",
	"RCC_EXECUTABLE" : "C:/Qt/6.2.4/mingw_64/./bin/rcc.exe",
	"RCC_LIST_OPTIONS" : [ "--list" ],
	"SETTINGS_FILE" : "D:/Workspace/build-CpuMonitoringServer-Desktop_Qt_6_2_4_MinGW_64_bit-Release/CMakeFiles/CpuMonitoringServer_autogen.dir/AutoRcc_qml_EWIEGA46WW_Used.txt",
	"SOURCE" : "D:/Workspace/CpuMonitoringServer/qml.qrc",
	"VERBOSITY" : 0
}
